Method,Time,Error
FTCS,0.165255,0.04124
9-point,0.177795,0.0325
13-point,0.339404,0.00000873